"description","name","id","created_at","updated_at","deleted_at"
"","ABIES CANADENSIS-PINUS CANADENSIS","1","2024-09-30 14:39:28.923084+00","2024-09-30 14:39:28.923084+00",NULL
"","ABIES NIGRA","2","2024-09-30 14:39:28.928753+00","2024-09-30 14:39:28.928753+00",NULL
"","ABRUS PRECATORIUS -","3","2024-09-30 14:39:28.932454+00","2024-09-30 14:39:28.932454+00",NULL
"","ABROTANUM","4","2024-09-30 14:39:28.935897+00","2024-09-30 14:39:28.935897+00",NULL
"","ABSINTHIUM","5","2024-09-30 14:39:28.939582+00","2024-09-30 14:39:28.939582+00",NULL
"","ACALYPHA INDICA","6","2024-09-30 14:39:28.943062+00","2024-09-30 14:39:28.943062+00",NULL
"","ACETICUM","7","2024-09-30 14:39:28.946784+00","2024-09-30 14:39:28.946784+00",NULL
"","ACETANILIDUM","8","2024-09-30 14:39:28.950516+00","2024-09-30 14:39:28.950516+00",NULL
"","ACONITUM NAPELLUS","9","2024-09-30 14:39:28.954062+00","2024-09-30 14:39:28.954062+00",NULL
"","ACTAEA SPICATA","10","2024-09-30 14:39:28.957596+00","2024-09-30 14:39:28.957596+00",NULL
"","ADONIS VERNALIS","11","2024-09-30 14:39:28.961134+00","2024-09-30 14:39:28.961134+00",NULL
"","ADRENALINUM","12","2024-09-30 14:39:28.965068+00","2024-09-30 14:39:28.965068+00",NULL
"","AESCULUS","13","2024-09-30 14:39:28.968983+00","2024-09-30 14:39:28.968983+00",NULL
"","AETHUSA CYNAPIUM","14","2024-09-30 14:39:28.97284+00","2024-09-30 14:39:28.97284+00",NULL
"","AETHIOPS","15","2024-09-30 14:39:28.976817+00","2024-09-30 14:39:28.976817+00",NULL
"","AGARICUS MUSCARIUS","16","2024-09-30 14:39:28.98076+00","2024-09-30 14:39:28.98076+00",NULL
"","AGAVE AMERICANA","17","2024-09-30 14:39:28.984325+00","2024-09-30 14:39:28.984325+00",NULL
"","AGNUS CASTUS","18","2024-09-30 14:39:28.988209+00","2024-09-30 14:39:28.988209+00",NULL
"","AGRAPHIS NUTANS","19","2024-09-30 14:39:28.991697+00","2024-09-30 14:39:28.991697+00",NULL
"","AILANTHUS GLANDULOSA","20","2024-09-30 14:39:28.995269+00","2024-09-30 14:39:28.995269+00",NULL
"","ALETRIS FARINOSA","21","2024-09-30 14:39:28.99882+00","2024-09-30 14:39:28.99882+00",NULL
"","ALFALFA","22","2024-09-30 14:39:29.002261+00","2024-09-30 14:39:29.002261+00",NULL
"","ALLIUM CEPA","23","2024-09-30 14:39:29.005782+00","2024-09-30 14:39:29.005782+00",NULL
"","ALLIUM SATIVUM","24","2024-09-30 14:39:29.00919+00","2024-09-30 14:39:29.00919+00",NULL
"","ALNUS RUBRA (ALNUS)","25","2024-09-30 14:39:29.012835+00","2024-09-30 14:39:29.012835+00",NULL
"","ALOE SOCOTRINA","26","2024-09-30 14:39:29.016769+00","2024-09-30 14:39:29.016769+00",NULL
"","ALSTONIA","27","2024-09-30 14:39:29.020657+00","2024-09-30 14:39:29.020657+00",NULL
"","ALUMINA","28","2024-09-30 14:39:29.024038+00","2024-09-30 14:39:29.024038+00",NULL
"","ALUMINA","29","2024-09-30 14:39:29.027389+00","2024-09-30 14:39:29.027389+00",NULL
"","ALUMEN","30","2024-09-30 14:39:29.03118+00","2024-09-30 14:39:29.03118+00",NULL
"","AMMONIUM","31","2024-09-30 14:39:29.035065+00","2024-09-30 14:39:29.035065+00",NULL
"","AMMONIUM BROMATUM","32","2024-09-30 14:39:29.038488+00","2024-09-30 14:39:29.038488+00",NULL
"","AMMONIUM CARBONICUM","33","2024-09-30 14:39:29.042132+00","2024-09-30 14:39:29.042132+00",NULL
"","AMMONIUM","34","2024-09-30 14:39:29.045628+00","2024-09-30 14:39:29.045628+00",NULL
"","AMMONIUM IODATUM","35","2024-09-30 14:39:29.049178+00","2024-09-30 14:39:29.049178+00",NULL
"","AMMONIUM MURIATICUM","36","2024-09-30 14:39:29.052789+00","2024-09-30 14:39:29.052789+00",NULL
"","AMMONIUM","37","2024-09-30 14:39:29.056281+00","2024-09-30 14:39:29.056281+00",NULL
"","AMMONIUM","38","2024-09-30 14:39:29.059853+00","2024-09-30 14:39:29.059853+00",NULL
"","AMMONIUM","39","2024-09-30 14:39:29.063366+00","2024-09-30 14:39:29.063366+00",NULL
"","AMBRA GRISEA","40","2024-09-30 14:39:29.066864+00","2024-09-30 14:39:29.066864+00",NULL
"","AMBROSIA","41","2024-09-30 14:39:29.070532+00","2024-09-30 14:39:29.070532+00",NULL
"","AMYGDALUS","42","2024-09-30 14:39:29.074229+00","2024-09-30 14:39:29.074229+00",NULL
"","AMYLENUM","43","2024-09-30 14:39:29.077679+00","2024-09-30 14:39:29.077679+00",NULL
"","AMMONIACUM GUMMI","44","2024-09-30 14:39:29.08074+00","2024-09-30 14:39:29.08074+00",NULL
"","AMPELOPSIS","45","2024-09-30 14:39:29.084036+00","2024-09-30 14:39:29.084036+00",NULL
"","ANACARDIUM","46","2024-09-30 14:39:29.087163+00","2024-09-30 14:39:29.087163+00",NULL
"","ANAGALLIS ARVENSIS","47","2024-09-30 14:39:29.08986+00","2024-09-30 14:39:29.08986+00",NULL
"","ANANTHERUM","48","2024-09-30 14:39:29.092687+00","2024-09-30 14:39:29.092687+00",NULL
"","ANEMOPSIS","49","2024-09-30 14:39:29.095232+00","2024-09-30 14:39:29.095232+00",NULL
"","ANGUSTURA VERA","50","2024-09-30 14:39:29.097869+00","2024-09-30 14:39:29.097869+00",NULL
"","ANHALONIUM LEWINII","51","2024-09-30 14:39:29.100356+00","2024-09-30 14:39:29.100356+00",NULL
"","ANILINUM","52","2024-09-30 14:39:29.102799+00","2024-09-30 14:39:29.102799+00",NULL
"","ANISUM STELLATUM","53","2024-09-30 14:39:29.105241+00","2024-09-30 14:39:29.105241+00",NULL
"","ANTIMONIUM","54","2024-09-30 14:39:29.107485+00","2024-09-30 14:39:29.107485+00",NULL
"","ANTIMONIUM CRUDUM","55","2024-09-30 14:39:29.109912+00","2024-09-30 14:39:29.109912+00",NULL
"","ANTIMONIUM","56","2024-09-30 14:39:29.112423+00","2024-09-30 14:39:29.112423+00",NULL
"","ANTIMONIUM","57","2024-09-30 14:39:29.115172+00","2024-09-30 14:39:29.115172+00",NULL
"","ANTHEMIS NOBILIS","58","2024-09-30 14:39:29.117661+00","2024-09-30 14:39:29.117661+00",NULL
"","ANTHRACINUM","59","2024-09-30 14:39:29.120176+00","2024-09-30 14:39:29.120176+00",NULL
"","ANTHRACOKALI (ANTHRAKOKALI)","60","2024-09-30 14:39:29.123436+00","2024-09-30 14:39:29.123436+00",NULL
"","ANTIPYRINUM","61","2024-09-30 14:39:29.127138+00","2024-09-30 14:39:29.127138+00",NULL
"","APIUM GRAVEOLENS","62","2024-09-30 14:39:29.131494+00","2024-09-30 14:39:29.131494+00",NULL
"","APHIS CHENOPODII","63","2024-09-30 14:39:29.134705+00","2024-09-30 14:39:29.134705+00",NULL
"","APIS MELLIFICA","64","2024-09-30 14:39:29.138225+00","2024-09-30 14:39:29.138225+00",NULL
"","APOCYNUM CANNABINUM","65","2024-09-30 14:39:29.141724+00","2024-09-30 14:39:29.141724+00",NULL
"","APOCYNUM","66","2024-09-30 14:39:29.14518+00","2024-09-30 14:39:29.14518+00",NULL
"","APOMORPHINUM","67","2024-09-30 14:39:29.148668+00","2024-09-30 14:39:29.148668+00",NULL
"","AQUILEGIA VULGARIS","68","2024-09-30 14:39:29.152039+00","2024-09-30 14:39:29.152039+00",NULL
"","ARAGALLUS LAMBERTI","69","2024-09-30 14:39:29.155497+00","2024-09-30 14:39:29.155497+00",NULL
"","ARALIA RACEMOSA","70","2024-09-30 14:39:29.159075+00","2024-09-30 14:39:29.159075+00",NULL
"","ARANEA DIADEMA","71","2024-09-30 14:39:29.162865+00","2024-09-30 14:39:29.162865+00",NULL
"","ARBUTUS ANDRACHNE","72","2024-09-30 14:39:29.166325+00","2024-09-30 14:39:29.166325+00",NULL
"","ARECA CATECHU","73","2024-09-30 14:39:29.169813+00","2024-09-30 14:39:29.169813+00",NULL
"","ARGENTUM","74","2024-09-30 14:39:29.173525+00","2024-09-30 14:39:29.173525+00",NULL
"","ARGENTUM NITRICUM","75","2024-09-30 14:39:29.177151+00","2024-09-30 14:39:29.177151+00",NULL
"","ARGEMONE MEXICANA","76","2024-09-30 14:39:29.180448+00","2024-09-30 14:39:29.180448+00",NULL
"","ARISTOLOCHIA","77","2024-09-30 14:39:29.18395+00","2024-09-30 14:39:29.18395+00",NULL
"","ARNICA MONTANA","78","2024-09-30 14:39:29.186914+00","2024-09-30 14:39:29.186914+00",NULL
"","ARSENICUM ALBUM","79","2024-09-30 14:39:29.189989+00","2024-09-30 14:39:29.189989+00",NULL
"","ARSENICUM","80","2024-09-30 14:39:29.192783+00","2024-09-30 14:39:29.192783+00",NULL
"","ARSENICUM","81","2024-09-30 14:39:29.195687+00","2024-09-30 14:39:29.195687+00",NULL
"","ARSENICUM IODATUM","82","2024-09-30 14:39:29.198857+00","2024-09-30 14:39:29.198857+00",NULL
"","ARSENICUM","83","2024-09-30 14:39:29.201969+00","2024-09-30 14:39:29.201969+00",NULL
"","ARSENICUM","84","2024-09-30 14:39:29.205184+00","2024-09-30 14:39:29.205184+00",NULL
"","ARTEMISIA","85","2024-09-30 14:39:29.209065+00","2024-09-30 14:39:29.209065+00",NULL
"","ARUM DRACONTIUM","86","2024-09-30 14:39:29.212292+00","2024-09-30 14:39:29.212292+00",NULL
"","ARUM TRIPHYLLUM","87","2024-09-30 14:39:29.215898+00","2024-09-30 14:39:29.215898+00",NULL
"","ARUNDO","88","2024-09-30 14:39:29.219447+00","2024-09-30 14:39:29.219447+00",NULL
"","ASA FOETIDA","89","2024-09-30 14:39:29.223439+00","2024-09-30 14:39:29.223439+00",NULL
"","ASARUM EUROPAEUM","90","2024-09-30 14:39:29.227374+00","2024-09-30 14:39:29.227374+00",NULL
"","ASCLEPIAS CORNUTI","91","2024-09-30 14:39:29.230851+00","2024-09-30 14:39:29.230851+00",NULL
"","ASCLEPIAS","92","2024-09-30 14:39:29.234908+00","2024-09-30 14:39:29.234908+00",NULL
"","ASIMINA TRILOBA","93","2024-09-30 14:39:29.238655+00","2024-09-30 14:39:29.238655+00",NULL
"","ASPARAGUS","94","2024-09-30 14:39:29.242316+00","2024-09-30 14:39:29.242316+00",NULL
"","ASTACUS","95","2024-09-30 14:39:29.246044+00","2024-09-30 14:39:29.246044+00",NULL
"","ASTERIAS RUBENS","96","2024-09-30 14:39:29.249802+00","2024-09-30 14:39:29.249802+00",NULL
"","ASTRAGALUS","97","2024-09-30 14:39:29.253331+00","2024-09-30 14:39:29.253331+00",NULL
"","AURUM METALLICUM","98","2024-09-30 14:39:29.256975+00","2024-09-30 14:39:29.256975+00",NULL
"","AURUM","99","2024-09-30 14:39:29.260469+00","2024-09-30 14:39:29.260469+00",NULL
"","AVENA SATIVA","100","2024-09-30 14:39:29.264296+00","2024-09-30 14:39:29.264296+00",NULL
"","AZADIRACHTA INDICA","101","2024-09-30 14:39:29.268272+00","2024-09-30 14:39:29.268272+00",NULL
"","BACILLINUM BURNETT (BACILLINUM)","102","2024-09-30 14:39:29.453938+00","2024-09-30 14:39:29.453938+00",NULL
"","BADIAGA","103","2024-09-30 14:39:29.457819+00","2024-09-30 14:39:29.457819+00",NULL
"","BALSAMUM","104","2024-09-30 14:39:29.462581+00","2024-09-30 14:39:29.462581+00",NULL
"","BAPTISIA TINCTORIA","105","2024-09-30 14:39:29.466444+00","2024-09-30 14:39:29.466444+00",NULL
"","BARYTA","106","2024-09-30 14:39:29.469976+00","2024-09-30 14:39:29.469976+00",NULL
"","BARYTA CARBONICA","107","2024-09-30 14:39:29.473715+00","2024-09-30 14:39:29.473715+00",NULL
"","BARYTA IODATA","108","2024-09-30 14:39:29.477177+00","2024-09-30 14:39:29.477177+00",NULL
"","BARYTA MURIATICA","109","2024-09-30 14:39:29.480975+00","2024-09-30 14:39:29.480975+00",NULL
"","BAROSMA","110","2024-09-30 14:39:29.484508+00","2024-09-30 14:39:29.484508+00",NULL
"","BELLADONNA","111","2024-09-30 14:39:29.488266+00","2024-09-30 14:39:29.488266+00",NULL
"","BELLIS PERENNIS","112","2024-09-30 14:39:29.492016+00","2024-09-30 14:39:29.492016+00",NULL
"","BENZOICUM","113","2024-09-30 14:39:29.495601+00","2024-09-30 14:39:29.495601+00",NULL
"","BENZOLUM","114","2024-09-30 14:39:29.499173+00","2024-09-30 14:39:29.499173+00",NULL
"","BERBERIS VULGARIS","115","2024-09-30 14:39:29.503214+00","2024-09-30 14:39:29.503214+00",NULL
"","BERBERIS","116","2024-09-30 14:39:29.507849+00","2024-09-30 14:39:29.507849+00",NULL
"","BETA VULGARIS","117","2024-09-30 14:39:29.51195+00","2024-09-30 14:39:29.51195+00",NULL
"","BISMUTHUM","118","2024-09-30 14:39:29.51562+00","2024-09-30 14:39:29.51562+00",NULL
"","BLATTA","119","2024-09-30 14:39:29.519373+00","2024-09-30 14:39:29.519373+00",NULL
"","BLATTA","120","2024-09-30 14:39:29.523136+00","2024-09-30 14:39:29.523136+00",NULL
"","BOLETUS LARICIS","121","2024-09-30 14:39:29.526862+00","2024-09-30 14:39:29.526862+00",NULL
"","BORICUM ACIDUM","122","2024-09-30 14:39:29.530646+00","2024-09-30 14:39:29.530646+00",NULL
"","BORAX VENETA","123","2024-09-30 14:39:29.534076+00","2024-09-30 14:39:29.534076+00",NULL
"","BOTHROPS","124","2024-09-30 14:39:29.537502+00","2024-09-30 14:39:29.537502+00",NULL
"","BOTULINUM","125","2024-09-30 14:39:29.540867+00","2024-09-30 14:39:29.540867+00",NULL
"","BOVISTA LYCOPERDON","126","2024-09-30 14:39:29.544474+00","2024-09-30 14:39:29.544474+00",NULL
"","BRACHYGLOTTIS","127","2024-09-30 14:39:29.54811+00","2024-09-30 14:39:29.54811+00",NULL
"","BROMIUM (BROMUM)","128","2024-09-30 14:39:29.551741+00","2024-09-30 14:39:29.551741+00",NULL
"","BRYONIA ALBA","129","2024-09-30 14:39:29.555331+00","2024-09-30 14:39:29.555331+00",NULL
"","BUFO RANA (BUFO)","130","2024-09-30 14:39:29.559296+00","2024-09-30 14:39:29.559296+00",NULL
"","BUTYRICUM","131","2024-09-30 14:39:29.562918+00","2024-09-30 14:39:29.562918+00",NULL
"","CACTUS GRANDIFLORUS (SELENICEREUS SPINULOSUS)","132","2024-09-30 14:39:29.749879+00","2024-09-30 14:39:29.749879+00",NULL
"","CADMIUM","133","2024-09-30 14:39:29.753629+00","2024-09-30 14:39:29.753629+00",NULL
"","CAINCA (CAHINCA)","134","2024-09-30 14:39:29.75724+00","2024-09-30 14:39:29.75724+00",NULL
"","CAJUPUTUM (OLEUM","135","2024-09-30 14:39:29.760351+00","2024-09-30 14:39:29.760351+00",NULL
"","CALADIUM SEGUINUM","136","2024-09-30 14:39:29.76298+00","2024-09-30 14:39:29.76298+00",NULL
"","CALCAREA CARBONICA","137","2024-09-30 14:39:29.765891+00","2024-09-30 14:39:29.765891+00",NULL
"","CALCAREA","138","2024-09-30 14:39:29.76847+00","2024-09-30 14:39:29.76847+00",NULL
"","CALCAREA","139","2024-09-30 14:39:29.771174+00","2024-09-30 14:39:29.771174+00",NULL
"","CALCAREA","140","2024-09-30 14:39:29.773737+00","2024-09-30 14:39:29.773737+00",NULL
"","CALCAREA IODATA","141","2024-09-30 14:39:29.776278+00","2024-09-30 14:39:29.776278+00",NULL
"","CALCAREA","142","2024-09-30 14:39:29.778696+00","2024-09-30 14:39:29.778696+00",NULL
"","CALCAREA","143","2024-09-30 14:39:29.781065+00","2024-09-30 14:39:29.781065+00",NULL
"","CALCAREA","144","2024-09-30 14:39:29.783426+00","2024-09-30 14:39:29.783426+00",NULL
"","CALENDULA","145","2024-09-30 14:39:29.785999+00","2024-09-30 14:39:29.785999+00",NULL
"","CALOTROPIS GIGANTEA","146","2024-09-30 14:39:29.788585+00","2024-09-30 14:39:29.788585+00",NULL
"","CALTHA PALUSTRIS","147","2024-09-30 14:39:29.791014+00","2024-09-30 14:39:29.791014+00",NULL
"","CAMPHORA","148","2024-09-30 14:39:29.793485+00","2024-09-30 14:39:29.793485+00",NULL
"","CAMPHORA","149","2024-09-30 14:39:29.796149+00","2024-09-30 14:39:29.796149+00",NULL
"","CANCHALAGUA","150","2024-09-30 14:39:29.798948+00","2024-09-30 14:39:29.798948+00",NULL
"","CANNABIS INDICA","151","2024-09-30 14:39:29.801334+00","2024-09-30 14:39:29.801334+00",NULL
"","CANNABIS SATIVA","152","2024-09-30 14:39:29.80408+00","2024-09-30 14:39:29.80408+00",NULL
"","CANTHARIS","153","2024-09-30 14:39:29.806422+00","2024-09-30 14:39:29.806422+00",NULL
"","CAPSICUM ANNUUM","154","2024-09-30 14:39:29.80895+00","2024-09-30 14:39:29.80895+00",NULL
"","CARBOLICUM","155","2024-09-30 14:39:29.811333+00","2024-09-30 14:39:29.811333+00",NULL
"","CARBO","156","2024-09-30 14:39:29.813833+00","2024-09-30 14:39:29.813833+00",NULL
"","CARBO","157","2024-09-30 14:39:29.816265+00","2024-09-30 14:39:29.816265+00",NULL
"","CARBONEUM","158","2024-09-30 14:39:29.818562+00","2024-09-30 14:39:29.818562+00",NULL
"","CARBONEUM","159","2024-09-30 14:39:29.820962+00","2024-09-30 14:39:29.820962+00",NULL
"","CARBONEUM","160","2024-09-30 14:39:29.823473+00","2024-09-30 14:39:29.823473+00",NULL
"","CARCINOSINUM","161","2024-09-30 14:39:29.826119+00","2024-09-30 14:39:29.826119+00",NULL
"","CARDUUS","162","2024-09-30 14:39:29.828585+00","2024-09-30 14:39:29.828585+00",NULL
"","CARLSBAD AQUA","163","2024-09-30 14:39:29.831009+00","2024-09-30 14:39:29.831009+00",NULL
"","CASCARA SAGRADA","164","2024-09-30 14:39:29.833716+00","2024-09-30 14:39:29.833716+00",NULL
"","CASCARILLA","165","2024-09-30 14:39:29.836338+00","2024-09-30 14:39:29.836338+00",NULL
"","CASTOREUM CANADENSE","166","2024-09-30 14:39:29.838561+00","2024-09-30 14:39:29.838561+00",NULL
"","CASTANEA","167","2024-09-30 14:39:29.841268+00","2024-09-30 14:39:29.841268+00",NULL
"","CASTOR EQUI","168","2024-09-30 14:39:29.843775+00","2024-09-30 14:39:29.843775+00",NULL
"","CATARIA NEPETA","169","2024-09-30 14:39:29.846303+00","2024-09-30 14:39:29.846303+00",NULL
"","CAULOPHYLLUM","170","2024-09-30 14:39:29.848759+00","2024-09-30 14:39:29.848759+00",NULL
"","CAUSTICUM","171","2024-09-30 14:39:29.851321+00","2024-09-30 14:39:29.851321+00",NULL
"","CEANOTHUS","172","2024-09-30 14:39:29.85435+00","2024-09-30 14:39:29.85435+00",NULL
"","CEDRON (SIMARUBA","173","2024-09-30 14:39:29.856671+00","2024-09-30 14:39:29.856671+00",NULL
"","CENCHRIS","174","2024-09-30 14:39:29.858918+00","2024-09-30 14:39:29.858918+00",NULL
"","CERIUM OXALICUM","175","2024-09-30 14:39:29.861579+00","2024-09-30 14:39:29.861579+00",NULL
"","CEREUS","176","2024-09-30 14:39:29.864347+00","2024-09-30 14:39:29.864347+00",NULL
"","CHAMOMILLA","177","2024-09-30 14:39:29.86686+00","2024-09-30 14:39:29.86686+00",NULL
"","CHAPARRO AMARGOSO","178","2024-09-30 14:39:29.869626+00","2024-09-30 14:39:29.869626+00",NULL
"","CHELIDONIUM MAJUS","179","2024-09-30 14:39:29.872297+00","2024-09-30 14:39:29.872297+00",NULL
"","CHELONE GLABRA","180","2024-09-30 14:39:29.874917+00","2024-09-30 14:39:29.874917+00",NULL
"","CHENOPODIUM","181","2024-09-30 14:39:29.877462+00","2024-09-30 14:39:29.877462+00",NULL
"","CHIMAPHILA","182","2024-09-30 14:39:29.880323+00","2024-09-30 14:39:29.880323+00",NULL
"","CHINA OFFICINALIS","183","2024-09-30 14:39:29.882652+00","2024-09-30 14:39:29.882652+00",NULL
"","CHININUM","184","2024-09-30 14:39:29.885186+00","2024-09-30 14:39:29.885186+00",NULL
"","CHININUM","185","2024-09-30 14:39:29.887746+00","2024-09-30 14:39:29.887746+00",NULL
"","CHIONANTHUS","186","2024-09-30 14:39:29.890355+00","2024-09-30 14:39:29.890355+00",NULL
"","CHLOROFORMIUM","187","2024-09-30 14:39:29.892899+00","2024-09-30 14:39:29.892899+00",NULL
"","CHLORALUM","188","2024-09-30 14:39:29.895379+00","2024-09-30 14:39:29.895379+00",NULL
"","CHLORUM","189","2024-09-30 14:39:29.897875+00","2024-09-30 14:39:29.897875+00",NULL
"","CHOLESTERINUM","190","2024-09-30 14:39:29.900663+00","2024-09-30 14:39:29.900663+00",NULL
"","CHROMICUM","191","2024-09-30 14:39:29.903333+00","2024-09-30 14:39:29.903333+00",NULL
"","CHRYSAROBINUM","192","2024-09-30 14:39:29.906005+00","2024-09-30 14:39:29.906005+00",NULL
"","CICUTA VIROSA","193","2024-09-30 14:39:29.908637+00","2024-09-30 14:39:29.908637+00",NULL
"","CIMICIFUGA","194","2024-09-30 14:39:29.911827+00","2024-09-30 14:39:29.911827+00",NULL
"","CIMEX LECTULARIUS","195","2024-09-30 14:39:29.916038+00","2024-09-30 14:39:29.916038+00",NULL
"","CINA MARITIMA","196","2024-09-30 14:39:29.919826+00","2024-09-30 14:39:29.919826+00",NULL
"","CINERARIA MARITIMA","197","2024-09-30 14:39:29.923926+00","2024-09-30 14:39:29.923926+00",NULL
"","CINNABARIS","198","2024-09-30 14:39:29.927504+00","2024-09-30 14:39:29.927504+00",NULL
"","CINNAMOMUM","199","2024-09-30 14:39:29.931145+00","2024-09-30 14:39:29.931145+00",NULL
"","CISTUS CANADENSIS","200","2024-09-30 14:39:29.934725+00","2024-09-30 14:39:29.934725+00",NULL
"","CITRUS VULGARIS","201","2024-09-30 14:39:29.938159+00","2024-09-30 14:39:29.938159+00",NULL
"","CLEMATIS ERECTA","202","2024-09-30 14:39:29.941716+00","2024-09-30 14:39:29.941716+00",NULL
"","COBALTUM METALLICUM","203","2024-09-30 14:39:29.945333+00","2024-09-30 14:39:29.945333+00",NULL
"","COCCUS CACTI","204","2024-09-30 14:39:29.949203+00","2024-09-30 14:39:29.949203+00",NULL
"","COCA-ERYTHROXYLON","205","2024-09-30 14:39:29.95324+00","2024-09-30 14:39:29.95324+00",NULL
"","COCAINUM","206","2024-09-30 14:39:29.95737+00","2024-09-30 14:39:29.95737+00",NULL
"","COCCULUS INDICUS","207","2024-09-30 14:39:29.96112+00","2024-09-30 14:39:29.96112+00",NULL
"","COCCINELLA","208","2024-09-30 14:39:29.964827+00","2024-09-30 14:39:29.964827+00",NULL
"","COCHLEARIA","209","2024-09-30 14:39:29.968586+00","2024-09-30 14:39:29.968586+00",NULL
"","CODEINUM","210","2024-09-30 14:39:29.972578+00","2024-09-30 14:39:29.972578+00",NULL
"","COFFEA CRUDA","211","2024-09-30 14:39:29.976676+00","2024-09-30 14:39:29.976676+00",NULL
"","COLCHICUM","212","2024-09-30 14:39:29.980386+00","2024-09-30 14:39:29.980386+00",NULL
"","COLLINSONIA","213","2024-09-30 14:39:29.984023+00","2024-09-30 14:39:29.984023+00",NULL
"","COLOCYNTHIS","214","2024-09-30 14:39:29.987678+00","2024-09-30 14:39:29.987678+00",NULL
"","CONIUM MACULATUM","215","2024-09-30 14:39:29.991447+00","2024-09-30 14:39:29.991447+00",NULL
"","COMOCLADIA DENTATA","216","2024-09-30 14:39:29.995185+00","2024-09-30 14:39:29.995185+00",NULL
"","CONVALLARIA MAJALIS","217","2024-09-30 14:39:29.998798+00","2024-09-30 14:39:29.998798+00",NULL
"","COPAIVA OFFICINALIS","218","2024-09-30 14:39:30.002258+00","2024-09-30 14:39:30.002258+00",NULL
"","CORALLIUM RUBRUM","219","2024-09-30 14:39:30.005841+00","2024-09-30 14:39:30.005841+00",NULL
"","CORALLORHIZA","220","2024-09-30 14:39:30.00946+00","2024-09-30 14:39:30.00946+00",NULL
"","CORNUS CIRCINATA","221","2024-09-30 14:39:30.013268+00","2024-09-30 14:39:30.013268+00",NULL
"","CORYDALIS FORMOSA","222","2024-09-30 14:39:30.016828+00","2024-09-30 14:39:30.016828+00",NULL
"","COTYLEDON UMBILICUS","223","2024-09-30 14:39:30.020285+00","2024-09-30 14:39:30.020285+00",NULL
"","CRATAEGUS","224","2024-09-30 14:39:30.024228+00","2024-09-30 14:39:30.024228+00",NULL
"","CROCUS SATIVUS","225","2024-09-30 14:39:30.02808+00","2024-09-30 14:39:30.02808+00",NULL
"","CROTALUS","226","2024-09-30 14:39:30.031492+00","2024-09-30 14:39:30.031492+00",NULL
"","CROTON TIGLIUM","227","2024-09-30 14:39:30.035708+00","2024-09-30 14:39:30.035708+00",NULL
"","CUBEBA OFFICINALIS","228","2024-09-30 14:39:30.039592+00","2024-09-30 14:39:30.039592+00",NULL
"","CUCURBITA","229","2024-09-30 14:39:30.043477+00","2024-09-30 14:39:30.043477+00",NULL
"","CUCURBITA PEPO","230","2024-09-30 14:39:30.047183+00","2024-09-30 14:39:30.047183+00",NULL
"","CUNDURANGO","231","2024-09-30 14:39:30.050864+00","2024-09-30 14:39:30.050864+00",NULL
"","CUPHEA VISCOSISSIMA","232","2024-09-30 14:39:30.054425+00","2024-09-30 14:39:30.054425+00",NULL
"","CUPRUM METALLICUM","233","2024-09-30 14:39:30.057885+00","2024-09-30 14:39:30.057885+00",NULL
"","CUPRUM","234","2024-09-30 14:39:30.061318+00","2024-09-30 14:39:30.061318+00",NULL
"","CUPRUM","235","2024-09-30 14:39:30.064888+00","2024-09-30 14:39:30.064888+00",NULL
"","CURARE (WOORARI)","236","2024-09-30 14:39:30.068459+00","2024-09-30 14:39:30.068459+00",NULL
"","CYCLAMEN EUROPAEUM","237","2024-09-30 14:39:30.071995+00","2024-09-30 14:39:30.071995+00",NULL
"","CYPRIPEDIUM","238","2024-09-30 14:39:30.075471+00","2024-09-30 14:39:30.075471+00",NULL
"","CYTISUS LABURNUM","239","2024-09-30 14:39:30.079344+00","2024-09-30 14:39:30.079344+00",NULL
"","DAMIANA (TURNERA)","240","2024-09-30 14:39:30.268271+00","2024-09-30 14:39:30.268271+00",NULL
"","DAPHNE INDICA","241","2024-09-30 14:39:30.272067+00","2024-09-30 14:39:30.272067+00",NULL
"","DIGITALIS PURPUREA","242","2024-09-30 14:39:30.275826+00","2024-09-30 14:39:30.275826+00",NULL
"","DIOSCOREA VILLOSA","243","2024-09-30 14:39:30.27935+00","2024-09-30 14:39:30.27935+00",NULL
"","DIOSMA LINCARIS","244","2024-09-30 14:39:30.282899+00","2024-09-30 14:39:30.282899+00",NULL
"","DIPHTHERINUM","245","2024-09-30 14:39:30.286386+00","2024-09-30 14:39:30.286386+00",NULL
"","DOLICHOS PRURIENS","246","2024-09-30 14:39:30.289892+00","2024-09-30 14:39:30.289892+00",NULL
"","DORYPHORA","247","2024-09-30 14:39:30.293366+00","2024-09-30 14:39:30.293366+00",NULL
"","DROSERA","248","2024-09-30 14:39:30.296621+00","2024-09-30 14:39:30.296621+00",NULL
"","DUBOISIA","249","2024-09-30 14:39:30.2996+00","2024-09-30 14:39:30.2996+00",NULL
"","DULCAMARA","250","2024-09-30 14:39:30.302701+00","2024-09-30 14:39:30.302701+00",NULL
"","ECHINACEA ANGUSTIFOLIA (ECHINACEA - RUDBECKIA)","251","2024-09-30 14:39:30.576475+00","2024-09-30 14:39:30.576475+00",NULL
"","ELAPS CORALLINUS","252","2024-09-30 14:39:30.580601+00","2024-09-30 14:39:30.580601+00",NULL
"","ELATERIUM","253","2024-09-30 14:39:30.584029+00","2024-09-30 14:39:30.584029+00",NULL
"","EOSINUM (EOSIN)","254","2024-09-30 14:39:30.588095+00","2024-09-30 14:39:30.588095+00",NULL
"","EPIGEA REPENS","255","2024-09-30 14:39:30.592255+00","2024-09-30 14:39:30.592255+00",NULL
"","EPIPHEGUS","256","2024-09-30 14:39:30.595804+00","2024-09-30 14:39:30.595804+00",NULL
"","EQUISETUM","257","2024-09-30 14:39:30.599703+00","2024-09-30 14:39:30.599703+00",NULL
"","ERECHTHITES","258","2024-09-30 14:39:30.603353+00","2024-09-30 14:39:30.603353+00",NULL
"","ERIGERON CANADENSE","259","2024-09-30 14:39:30.607356+00","2024-09-30 14:39:30.607356+00",NULL
"","ERIODYCTION","260","2024-09-30 14:39:30.610999+00","2024-09-30 14:39:30.610999+00",NULL
"","ERYNGIUM","261","2024-09-30 14:39:30.614714+00","2024-09-30 14:39:30.614714+00",NULL
"","ESCHSCHOLTZIA","262","2024-09-30 14:39:30.618447+00","2024-09-30 14:39:30.618447+00",NULL
"","EUCALYPTUS","263","2024-09-30 14:39:30.622203+00","2024-09-30 14:39:30.622203+00",NULL
"","EUGENIA JAMBOS","264","2024-09-30 14:39:30.625782+00","2024-09-30 14:39:30.625782+00",NULL
"","EUONYMUS","265","2024-09-30 14:39:30.629686+00","2024-09-30 14:39:30.629686+00",NULL
"","EUPATORIUM","266","2024-09-30 14:39:30.633489+00","2024-09-30 14:39:30.633489+00",NULL
"","EUPATORIUM","267","2024-09-30 14:39:30.637077+00","2024-09-30 14:39:30.637077+00",NULL
"","EUPATORIUM","268","2024-09-30 14:39:30.641377+00","2024-09-30 14:39:30.641377+00",NULL
"","EUPHORBIUM","269","2024-09-30 14:39:30.645666+00","2024-09-30 14:39:30.645666+00",NULL
"","EUPHORBIA","270","2024-09-30 14:39:30.650211+00","2024-09-30 14:39:30.650211+00",NULL
"","EUPHORBIA","271","2024-09-30 14:39:30.654618+00","2024-09-30 14:39:30.654618+00",NULL
"","EUPHRASIA","272","2024-09-30 14:39:30.661341+00","2024-09-30 14:39:30.661341+00",NULL
"","EUPIONUM (EUPION)","273","2024-09-30 14:39:30.665595+00","2024-09-30 14:39:30.665595+00",NULL
"","FABIANA IMBRICATA","274","2024-09-30 14:39:30.855446+00","2024-09-30 14:39:30.855446+00",NULL
"","FAGOPYRUM","275","2024-09-30 14:39:30.858199+00","2024-09-30 14:39:30.858199+00",NULL
"","FEL TAURI","276","2024-09-30 14:39:30.860617+00","2024-09-30 14:39:30.860617+00",NULL
"","FERRUM METALLICUM","277","2024-09-30 14:39:30.86344+00","2024-09-30 14:39:30.86344+00",NULL
"","FERRUM IODATUM","278","2024-09-30 14:39:30.865888+00","2024-09-30 14:39:30.865888+00",NULL
"","FERRUM","279","2024-09-30 14:39:30.868703+00","2024-09-30 14:39:30.868703+00",NULL
"","FERRUM","280","2024-09-30 14:39:30.871818+00","2024-09-30 14:39:30.871818+00",NULL
"","FERRUM","281","2024-09-30 14:39:30.874775+00","2024-09-30 14:39:30.874775+00",NULL
"","FICUS RELIGIOSA","282","2024-09-30 14:39:30.878155+00","2024-09-30 14:39:30.878155+00",NULL
"","FILIX MAS (ASPIDIUM)","283","2024-09-30 14:39:30.881461+00","2024-09-30 14:39:30.881461+00",NULL
"","FLUORICUM ACIDUM","284","2024-09-30 14:39:30.885068+00","2024-09-30 14:39:30.885068+00",NULL
"","FORMICA RUFA","285","2024-09-30 14:39:30.888847+00","2024-09-30 14:39:30.888847+00",NULL
"","FORMALINUM","286","2024-09-30 14:39:30.892429+00","2024-09-30 14:39:30.892429+00",NULL
"","FRAGARIA VESCA","287","2024-09-30 14:39:30.896131+00","2024-09-30 14:39:30.896131+00",NULL
"","FRANCISCEA","288","2024-09-30 14:39:30.900092+00","2024-09-30 14:39:30.900092+00",NULL
"","FRAXINUS AMERICANA","289","2024-09-30 14:39:30.903807+00","2024-09-30 14:39:30.903807+00",NULL
"","FUCUS VESICULOSUS","290","2024-09-30 14:39:30.907284+00","2024-09-30 14:39:30.907284+00",NULL
"","FUCHSINUM (FUCHSINA","291","2024-09-30 14:39:30.910862+00","2024-09-30 14:39:30.910862+00",NULL
"","FULIGO LIGNI","292","2024-09-30 14:39:30.914846+00","2024-09-30 14:39:30.914846+00",NULL
"","GALLICUM ACIDUM","293","2024-09-30 14:39:31.106671+00","2024-09-30 14:39:31.106671+00",NULL
"","GALANTHUS NIVALIS","294","2024-09-30 14:39:31.1094+00","2024-09-30 14:39:31.1094+00",NULL
"","GALIUM APARINE","295","2024-09-30 14:39:31.112113+00","2024-09-30 14:39:31.112113+00",NULL
"","GAMBOGIA (GAMBOGIA","296","2024-09-30 14:39:31.114825+00","2024-09-30 14:39:31.114825+00",NULL
"","GAULTHERIA","297","2024-09-30 14:39:31.11802+00","2024-09-30 14:39:31.11802+00",NULL
"","GELSEMIUM","298","2024-09-30 14:39:31.121198+00","2024-09-30 14:39:31.121198+00",NULL
"","GENTIANA LUTEA","299","2024-09-30 14:39:31.124866+00","2024-09-30 14:39:31.124866+00",NULL
"","GERANIUM MACULATUM","300","2024-09-30 14:39:31.128441+00","2024-09-30 14:39:31.128441+00",NULL
"","GETTYSBURG WATER","301","2024-09-30 14:39:31.131924+00","2024-09-30 14:39:31.131924+00",NULL
"","GINSENG","302","2024-09-30 14:39:31.135207+00","2024-09-30 14:39:31.135207+00",NULL
"","GLONOINUM","303","2024-09-30 14:39:31.138867+00","2024-09-30 14:39:31.138867+00",NULL
"","GLYCERINUM","304","2024-09-30 14:39:31.142394+00","2024-09-30 14:39:31.142394+00",NULL
"","GNAPHALIUM","305","2024-09-30 14:39:31.145884+00","2024-09-30 14:39:31.145884+00",NULL
"","GOSSYPIUM HERBACEUM","306","2024-09-30 14:39:31.149394+00","2024-09-30 14:39:31.149394+00",NULL
"","GRANATUM","307","2024-09-30 14:39:31.153117+00","2024-09-30 14:39:31.153117+00",NULL
"","GRAPHITES","308","2024-09-30 14:39:31.157437+00","2024-09-30 14:39:31.157437+00",NULL
"","GRATIOLA","309","2024-09-30 14:39:31.161096+00","2024-09-30 14:39:31.161096+00",NULL
"","GRINDELIA ROBUSTA","310","2024-09-30 14:39:31.164657+00","2024-09-30 14:39:31.164657+00",NULL
"","GUACO","311","2024-09-30 14:39:31.168251+00","2024-09-30 14:39:31.168251+00",NULL
"","GUAJACUM OFFICINALE","312","2024-09-30 14:39:31.171714+00","2024-09-30 14:39:31.171714+00",NULL
"","GUARANA (PAULLINIA","313","2024-09-30 14:39:31.175107+00","2024-09-30 14:39:31.175107+00",NULL
"","GUAREA","314","2024-09-30 14:39:31.178665+00","2024-09-30 14:39:31.178665+00",NULL
"","GYMNOCLADUS","315","2024-09-30 14:39:31.18219+00","2024-09-30 14:39:31.18219+00",NULL
"","HAEMATOXYLON CAMPECHIANUM (HAEMATOXYLON)","316","2024-09-30 14:39:31.380708+00","2024-09-30 14:39:31.380708+00",NULL
"","HAMAMELIS VIRGINIANA","317","2024-09-30 14:39:31.384721+00","2024-09-30 14:39:31.384721+00",NULL
"","HECLA LAVA (HEKLA","318","2024-09-30 14:39:31.388721+00","2024-09-30 14:39:31.388721+00",NULL
"","HEDEOMA","319","2024-09-30 14:39:31.392766+00","2024-09-30 14:39:31.392766+00",NULL
"","HELIANTHUS ANNUUS","320","2024-09-30 14:39:31.396757+00","2024-09-30 14:39:31.396757+00",NULL
"","HELLEBORUS NIGER","321","2024-09-30 14:39:31.40067+00","2024-09-30 14:39:31.40067+00",NULL
"","HELODERMA","322","2024-09-30 14:39:31.404465+00","2024-09-30 14:39:31.404465+00",NULL
"","HELONIAS DIOICA","323","2024-09-30 14:39:31.407932+00","2024-09-30 14:39:31.407932+00",NULL
"","HEPAR SULPHUR (HEPAR","324","2024-09-30 14:39:31.411484+00","2024-09-30 14:39:31.411484+00",NULL
"","HEPATICA TRILOBA","325","2024-09-30 14:39:31.415389+00","2024-09-30 14:39:31.415389+00",NULL
"","HERACLEUM","326","2024-09-30 14:39:31.419283+00","2024-09-30 14:39:31.419283+00",NULL
"","HIPPURICUM","327","2024-09-30 14:39:31.423312+00","2024-09-30 14:39:31.423312+00",NULL
"","HIPPOMANES","328","2024-09-30 14:39:31.426834+00","2024-09-30 14:39:31.426834+00",NULL
"","HIPPOZAENINUM","329","2024-09-30 14:39:31.430287+00","2024-09-30 14:39:31.430287+00",NULL
"","HOMARUS","330","2024-09-30 14:39:31.433953+00","2024-09-30 14:39:31.433953+00",NULL
"","HURA BRASILIENSIS","331","2024-09-30 14:39:31.437591+00","2024-09-30 14:39:31.437591+00",NULL
"","HYDRASTIS","332","2024-09-30 14:39:31.441133+00","2024-09-30 14:39:31.441133+00",NULL
"","HYDROCYANICUM","333","2024-09-30 14:39:31.44487+00","2024-09-30 14:39:31.44487+00",NULL
"","HYDRANGEA","334","2024-09-30 14:39:31.448391+00","2024-09-30 14:39:31.448391+00",NULL
"","HYDROCOTYLE","335","2024-09-30 14:39:31.452016+00","2024-09-30 14:39:31.452016+00",NULL
"","HYOSCYAMUS NIGER","336","2024-09-30 14:39:31.455822+00","2024-09-30 14:39:31.455822+00",NULL
"","HYPERICUM","337","2024-09-30 14:39:31.459455+00","2024-09-30 14:39:31.459455+00",NULL
"","IBERIS AMARA (IBERIS)","338","2024-09-30 14:39:31.649538+00","2024-09-30 14:39:31.649538+00",NULL
"","ICHTHYOLUM","339","2024-09-30 14:39:31.653883+00","2024-09-30 14:39:31.653883+00",NULL
"","ICTODES FOETIDA","340","2024-09-30 14:39:31.657781+00","2024-09-30 14:39:31.657781+00",NULL
"","IGNATIA AMARA","341","2024-09-30 14:39:31.661251+00","2024-09-30 14:39:31.661251+00",NULL
"","ILEX AQUIFOLIUM","342","2024-09-30 14:39:31.664948+00","2024-09-30 14:39:31.664948+00",NULL
"","INDIUM METALLICUM","343","2024-09-30 14:39:31.668789+00","2024-09-30 14:39:31.668789+00",NULL
"","INDIGO TINCTORIA","344","2024-09-30 14:39:31.672478+00","2024-09-30 14:39:31.672478+00",NULL
"","INDOLUM (INDOL)","345","2024-09-30 14:39:31.676131+00","2024-09-30 14:39:31.676131+00",NULL
"","INSULINUM (INSULIN)","346","2024-09-30 14:39:31.679617+00","2024-09-30 14:39:31.679617+00",NULL
"","INULA HELENIUM","347","2024-09-30 14:39:31.682991+00","2024-09-30 14:39:31.682991+00",NULL
"","IODIUM (IODUM)","348","2024-09-30 14:39:31.686561+00","2024-09-30 14:39:31.686561+00",NULL
"","IODOFORMIUM","349","2024-09-30 14:39:31.689988+00","2024-09-30 14:39:31.689988+00",NULL
"","IPECACUANHA (IPECA)","350","2024-09-30 14:39:31.693717+00","2024-09-30 14:39:31.693717+00",NULL
"","IRIDIUM","351","2024-09-30 14:39:31.697253+00","2024-09-30 14:39:31.697253+00",NULL
"","IRIS VERSICOLOR","352","2024-09-30 14:39:31.700987+00","2024-09-30 14:39:31.700987+00",NULL
"","JABORANDI (PILOCARPUS MICROPHYLLUS)","353","2024-09-30 14:39:31.906139+00","2024-09-30 14:39:31.906139+00",NULL
"","JACARANDA CAROBA","354","2024-09-30 14:39:31.909932+00","2024-09-30 14:39:31.909932+00",NULL
"","JALAPA (EXOGONIUM","355","2024-09-30 14:39:31.913203+00","2024-09-30 14:39:31.913203+00",NULL
"","JATROPHA CURCAS","356","2024-09-30 14:39:31.916987+00","2024-09-30 14:39:31.916987+00",NULL
"","JOANESIA ASOCA","357","2024-09-30 14:39:31.920676+00","2024-09-30 14:39:31.920676+00",NULL
"","JUGLANS CINEREA","358","2024-09-30 14:39:31.92412+00","2024-09-30 14:39:31.92412+00",NULL
"","JUGLANS REGIA","359","2024-09-30 14:39:31.92765+00","2024-09-30 14:39:31.92765+00",NULL
"","JUNCUS EFFUSUS","360","2024-09-30 14:39:31.931301+00","2024-09-30 14:39:31.931301+00",NULL
"","JUNIPERUS","361","2024-09-30 14:39:31.934785+00","2024-09-30 14:39:31.934785+00",NULL
"","JUSTICIA ADHATODA","362","2024-09-30 14:39:31.938277+00","2024-09-30 14:39:31.938277+00",NULL
"","KALIUM ARSENICOSUM (KALI ARSENICUM)","363","2024-09-30 14:39:32.124121+00","2024-09-30 14:39:32.124121+00",NULL
"","KALIUM","364","2024-09-30 14:39:32.127119+00","2024-09-30 14:39:32.127119+00",NULL
"","KALIUM","365","2024-09-30 14:39:32.129698+00","2024-09-30 14:39:32.129698+00",NULL
"","KALIUM","366","2024-09-30 14:39:32.132723+00","2024-09-30 14:39:32.132723+00",NULL
"","KALIUM","367","2024-09-30 14:39:32.136475+00","2024-09-30 14:39:32.136475+00",NULL
"","KALIUM","368","2024-09-30 14:39:32.140008+00","2024-09-30 14:39:32.140008+00",NULL
"","KALIUM IODATUM","369","2024-09-30 14:39:32.143589+00","2024-09-30 14:39:32.143589+00",NULL
"","KALIUM","370","2024-09-30 14:39:32.14746+00","2024-09-30 14:39:32.14746+00",NULL
"","KALIUM NITRICUM","371","2024-09-30 14:39:32.151338+00","2024-09-30 14:39:32.151338+00",NULL
"","KALIUM","372","2024-09-30 14:39:32.155323+00","2024-09-30 14:39:32.155323+00",NULL
"","KALIUM","373","2024-09-30 14:39:32.158983+00","2024-09-30 14:39:32.158983+00",NULL
"","KALIUM","374","2024-09-30 14:39:32.162528+00","2024-09-30 14:39:32.162528+00",NULL
"","KALIUM","375","2024-09-30 14:39:32.166321+00","2024-09-30 14:39:32.166321+00",NULL
"","KALMIA LATIFOLIA","376","2024-09-30 14:39:32.170183+00","2024-09-30 14:39:32.170183+00",NULL
"","KAOLINUM (KAOLIN)","377","2024-09-30 14:39:32.174013+00","2024-09-30 14:39:32.174013+00",NULL
"","KOLA (STERCULIA)","378","2024-09-30 14:39:32.177784+00","2024-09-30 14:39:32.177784+00",NULL
"","KOUSSO (KOUSSO -","379","2024-09-30 14:39:32.181334+00","2024-09-30 14:39:32.181334+00",NULL
"","KREOSOTUM","380","2024-09-30 14:39:32.184812+00","2024-09-30 14:39:32.184812+00",NULL
"","LACTICUM ACIDUM","381","2024-09-30 14:39:32.367533+00","2024-09-30 14:39:32.367533+00",NULL
"","LAC CANINUM","382","2024-09-30 14:39:32.371614+00","2024-09-30 14:39:32.371614+00",NULL
"","LAC VACCINUM","383","2024-09-30 14:39:32.375009+00","2024-09-30 14:39:32.375009+00",NULL
"","LACHESIS MUTUS","384","2024-09-30 14:39:32.378481+00","2024-09-30 14:39:32.378481+00",NULL
"","LACHNANTHES","385","2024-09-30 14:39:32.382213+00","2024-09-30 14:39:32.382213+00",NULL
"","LACTUCA VIROSA","386","2024-09-30 14:39:32.385706+00","2024-09-30 14:39:32.385706+00",NULL
"","LAMIUM ALBUM (LAMIUM)","387","2024-09-30 14:39:32.389377+00","2024-09-30 14:39:32.389377+00",NULL
"","LAPIS ALBUS","388","2024-09-30 14:39:32.393001+00","2024-09-30 14:39:32.393001+00",NULL
"","LAPPA ARCTIUM","389","2024-09-30 14:39:32.396472+00","2024-09-30 14:39:32.396472+00",NULL
"","LATRODECTUS","390","2024-09-30 14:39:32.40023+00","2024-09-30 14:39:32.40023+00",NULL
"","LATHYRUS SATIVUS","391","2024-09-30 14:39:32.404125+00","2024-09-30 14:39:32.404125+00",NULL
"","LAUROCERASUS","392","2024-09-30 14:39:32.408013+00","2024-09-30 14:39:32.408013+00",NULL
"","LECITHINUM (LECITHIN)","393","2024-09-30 14:39:32.411871+00","2024-09-30 14:39:32.411871+00",NULL
"","LEDUM PALUSTRE","394","2024-09-30 14:39:32.415662+00","2024-09-30 14:39:32.415662+00",NULL
"","LEMNA MINOR","395","2024-09-30 14:39:32.419444+00","2024-09-30 14:39:32.419444+00",NULL
"","LEPIDIUM BONARIENSE","396","2024-09-30 14:39:32.423196+00","2024-09-30 14:39:32.423196+00",NULL
"","LEPTANDRA VIRGINICA","397","2024-09-30 14:39:32.42709+00","2024-09-30 14:39:32.42709+00",NULL
"","LIATRIS SPICATA","398","2024-09-30 14:39:32.430889+00","2024-09-30 14:39:32.430889+00",NULL
"","LILIUM TIGRINUM","399","2024-09-30 14:39:32.434835+00","2024-09-30 14:39:32.434835+00",NULL
"","LIMULUS CYCLOPS","400","2024-09-30 14:39:32.438783+00","2024-09-30 14:39:32.438783+00",NULL
"","LINARIA VULGARIS","401","2024-09-30 14:39:32.442448+00","2024-09-30 14:39:32.442448+00",NULL
"","LINUM","402","2024-09-30 14:39:32.446178+00","2024-09-30 14:39:32.446178+00",NULL
"","LITHIUM","403","2024-09-30 14:39:32.449712+00","2024-09-30 14:39:32.449712+00",NULL
"","LOBELIA INFLATA","404","2024-09-30 14:39:32.453618+00","2024-09-30 14:39:32.453618+00",NULL
"","LOBELIA","405","2024-09-30 14:39:32.457228+00","2024-09-30 14:39:32.457228+00",NULL
"","LOLEUM TEMULENTUM","406","2024-09-30 14:39:32.46076+00","2024-09-30 14:39:32.46076+00",NULL
"","LONICERA","407","2024-09-30 14:39:32.464463+00","2024-09-30 14:39:32.464463+00",NULL
"","LUPULUS HUMULUS","408","2024-09-30 14:39:32.468491+00","2024-09-30 14:39:32.468491+00",NULL
"","LYCOPODIUM CLAVATUM","409","2024-09-30 14:39:32.47279+00","2024-09-30 14:39:32.47279+00",NULL
"","LYCOPERSICUM","410","2024-09-30 14:39:32.476186+00","2024-09-30 14:39:32.476186+00",NULL
"","LYCOPUS","411","2024-09-30 14:39:32.479889+00","2024-09-30 14:39:32.479889+00",NULL
"","LYSSINUM","412","2024-09-30 14:39:32.483819+00","2024-09-30 14:39:32.483819+00",NULL
"","MAGNESIUM CARBONICUM (MAGNESIA CARBONICA)","413","2024-09-30 14:39:32.673154+00","2024-09-30 14:39:32.673154+00",NULL
"","MAGNESIUM","414","2024-09-30 14:39:32.676842+00","2024-09-30 14:39:32.676842+00",NULL
"","MAGNESIUM","415","2024-09-30 14:39:32.680655+00","2024-09-30 14:39:32.680655+00",NULL
"","MAGNESIUM","416","2024-09-30 14:39:32.685038+00","2024-09-30 14:39:32.685038+00",NULL
"","MAGNOLIA","417","2024-09-30 14:39:32.688555+00","2024-09-30 14:39:32.688555+00",NULL
"","MALANDRINUM","418","2024-09-30 14:39:32.692645+00","2024-09-30 14:39:32.692645+00",NULL
"","MANCINELLA","419","2024-09-30 14:39:32.696965+00","2024-09-30 14:39:32.696965+00",NULL
"","MANGANUM","420","2024-09-30 14:39:32.700668+00","2024-09-30 14:39:32.700668+00",NULL
"","MANGIFERA INDICA","421","2024-09-30 14:39:32.704131+00","2024-09-30 14:39:32.704131+00",NULL
"","MEDORRHINUM","422","2024-09-30 14:39:32.708014+00","2024-09-30 14:39:32.708014+00",NULL
"","MEDUSA","423","2024-09-30 14:39:32.712052+00","2024-09-30 14:39:32.712052+00",NULL
"","MEL CUM SALE","424","2024-09-30 14:39:32.715717+00","2024-09-30 14:39:32.715717+00",NULL
"","MELILOTUS","425","2024-09-30 14:39:32.719338+00","2024-09-30 14:39:32.719338+00",NULL
"","MENISPERMUM","426","2024-09-30 14:39:32.723493+00","2024-09-30 14:39:32.723493+00",NULL
"","MENTHA PIPERITA","427","2024-09-30 14:39:32.72742+00","2024-09-30 14:39:32.72742+00",NULL
"","MENTHOLUM","428","2024-09-30 14:39:32.731032+00","2024-09-30 14:39:32.731032+00",NULL
"","MENYANTHES","429","2024-09-30 14:39:32.734662+00","2024-09-30 14:39:32.734662+00",NULL
"","MEPHITIS PUTORIUS","430","2024-09-30 14:39:32.738475+00","2024-09-30 14:39:32.738475+00",NULL
"","MERCURIUS SOLUBILIS","431","2024-09-30 14:39:32.742035+00","2024-09-30 14:39:32.742035+00",NULL
"","MERCURIUS","432","2024-09-30 14:39:32.745805+00","2024-09-30 14:39:32.745805+00",NULL
"","MERCURIUS","433","2024-09-30 14:39:32.74983+00","2024-09-30 14:39:32.74983+00",NULL
"","MERCURIUS","434","2024-09-30 14:39:32.753836+00","2024-09-30 14:39:32.753836+00",NULL
"","MERCURIUS","435","2024-09-30 14:39:32.757516+00","2024-09-30 14:39:32.757516+00",NULL
"","MERCURIUS","436","2024-09-30 14:39:32.761139+00","2024-09-30 14:39:32.761139+00",NULL
"","MERCURIUS","437","2024-09-30 14:39:32.765188+00","2024-09-30 14:39:32.765188+00",NULL
"","MERCURIALIS","438","2024-09-30 14:39:32.769186+00","2024-09-30 14:39:32.769186+00",NULL
"","METHYLENUM","439","2024-09-30 14:39:32.772765+00","2024-09-30 14:39:32.772765+00",NULL
"","MEZEREUM","440","2024-09-30 14:39:32.776289+00","2024-09-30 14:39:32.776289+00",NULL
"","MICROMERIA","441","2024-09-30 14:39:32.780222+00","2024-09-30 14:39:32.780222+00",NULL
"","MILLEFOLIUM","442","2024-09-30 14:39:32.783955+00","2024-09-30 14:39:32.783955+00",NULL
"","MITCHELLA REPENS","443","2024-09-30 14:39:32.787456+00","2024-09-30 14:39:32.787456+00",NULL
"","MOMORDICA","444","2024-09-30 14:39:32.790912+00","2024-09-30 14:39:32.790912+00",NULL
"","MORPHINUM","445","2024-09-30 14:39:32.7947+00","2024-09-30 14:39:32.7947+00",NULL
"","MOSCHUS","446","2024-09-30 14:39:32.798262+00","2024-09-30 14:39:32.798262+00",NULL
"","MURIATICUM","447","2024-09-30 14:39:32.801944+00","2024-09-30 14:39:32.801944+00",NULL
"","MUREX PURPUREA","448","2024-09-30 14:39:32.806149+00","2024-09-30 14:39:32.806149+00",NULL
"","MYGALE LASIODORA","449","2024-09-30 14:39:32.810161+00","2024-09-30 14:39:32.810161+00",NULL
"","MYOSOTIS","450","2024-09-30 14:39:32.813999+00","2024-09-30 14:39:32.813999+00",NULL
"","MYRICA CERIFERA","451","2024-09-30 14:39:32.8179+00","2024-09-30 14:39:32.8179+00",NULL
"","MYRISTICA","452","2024-09-30 14:39:32.821939+00","2024-09-30 14:39:32.821939+00",NULL
"","MYRTUS COMMUNIS","453","2024-09-30 14:39:32.825884+00","2024-09-30 14:39:32.825884+00",NULL
"","NAJA TRIPUDIANS","454","2024-09-30 14:39:33.030678+00","2024-09-30 14:39:33.030678+00",NULL
"","NAPHTHALINUM","455","2024-09-30 14:39:33.035019+00","2024-09-30 14:39:33.035019+00",NULL
"","NARCISSUS","456","2024-09-30 14:39:33.038704+00","2024-09-30 14:39:33.038704+00",NULL
"","NATRIUM","457","2024-09-30 14:39:33.04245+00","2024-09-30 14:39:33.04245+00",NULL
"","NATRIUM","458","2024-09-30 14:39:33.046029+00","2024-09-30 14:39:33.046029+00",NULL
"","NATRIUM","459","2024-09-30 14:39:33.049769+00","2024-09-30 14:39:33.049769+00",NULL
"","NATRIUM","460","2024-09-30 14:39:33.053231+00","2024-09-30 14:39:33.053231+00",NULL
"","NATRIUM NITRICUM","461","2024-09-30 14:39:33.056903+00","2024-09-30 14:39:33.056903+00",NULL
"","NATRIUM","462","2024-09-30 14:39:33.060476+00","2024-09-30 14:39:33.060476+00",NULL
"","NATRIUM","463","2024-09-30 14:39:33.064356+00","2024-09-30 14:39:33.064356+00",NULL
"","NATRIUM","464","2024-09-30 14:39:33.06826+00","2024-09-30 14:39:33.06826+00",NULL
"","NICCOLUM","465","2024-09-30 14:39:33.071843+00","2024-09-30 14:39:33.071843+00",NULL
"","NICCOLUM","466","2024-09-30 14:39:33.075357+00","2024-09-30 14:39:33.075357+00",NULL
"","NITRICUM ACIDUM","467","2024-09-30 14:39:33.079077+00","2024-09-30 14:39:33.079077+00",NULL
"","NITROMURIATICUM ACIDUM (NITRO-MURIATIC ACID)","468","2024-09-30 14:39:33.083103+00","2024-09-30 14:39:33.083103+00",NULL
"","NITRI","469","2024-09-30 14:39:33.086931+00","2024-09-30 14:39:33.086931+00",NULL
"","NUPHAR LUTEUM","470","2024-09-30 14:39:33.090298+00","2024-09-30 14:39:33.090298+00",NULL
"","NUX MOSCHATA","471","2024-09-30 14:39:33.094148+00","2024-09-30 14:39:33.094148+00",NULL
"","NUX VOMICA","472","2024-09-30 14:39:33.09799+00","2024-09-30 14:39:33.09799+00",NULL
"","NYCTANTHES ARBOR","473","2024-09-30 14:39:33.101475+00","2024-09-30 14:39:33.101475+00",NULL
"","OCIMUM CANUM","474","2024-09-30 14:39:33.338487+00","2024-09-30 14:39:33.338487+00",NULL
"","OENANTHE CROCATA","475","2024-09-30 14:39:33.342639+00","2024-09-30 14:39:33.342639+00",NULL
"","OLEUM ANIMALE","476","2024-09-30 14:39:33.346156+00","2024-09-30 14:39:33.346156+00",NULL
"","OLEUM JECORIS","477","2024-09-30 14:39:33.349717+00","2024-09-30 14:39:33.349717+00",NULL
"","OLEUM SANTALI","478","2024-09-30 14:39:33.35361+00","2024-09-30 14:39:33.35361+00",NULL
"","OLEANDER (NERIUM","479","2024-09-30 14:39:33.357717+00","2024-09-30 14:39:33.357717+00",NULL
"","ONISCUS ASELLUS","480","2024-09-30 14:39:33.361332+00","2024-09-30 14:39:33.361332+00",NULL
"","ONOSMODIUM","481","2024-09-30 14:39:33.364908+00","2024-09-30 14:39:33.364908+00",NULL
"","OPIUM (PAPAVER","482","2024-09-30 14:39:33.368949+00","2024-09-30 14:39:33.368949+00",NULL
"","OPERCULINA","483","2024-09-30 14:39:33.372976+00","2024-09-30 14:39:33.372976+00",NULL
"","OPUNTIA FICUS","484","2024-09-30 14:39:33.376635+00","2024-09-30 14:39:33.376635+00",NULL
"","OREODAPHNE","485","2024-09-30 14:39:33.380055+00","2024-09-30 14:39:33.380055+00",NULL
"","ORIGANUM MAJORANA","486","2024-09-30 14:39:33.383835+00","2024-09-30 14:39:33.383835+00",NULL
"","ORNITHOGALUM","487","2024-09-30 14:39:33.387614+00","2024-09-30 14:39:33.387614+00",NULL
"","OSMIUM","488","2024-09-30 14:39:33.391037+00","2024-09-30 14:39:33.391037+00",NULL
"","OSTRYA VIRGINICA","489","2024-09-30 14:39:33.394367+00","2024-09-30 14:39:33.394367+00",NULL
"","OVININUM (OOPHORINUM)","490","2024-09-30 14:39:33.398141+00","2024-09-30 14:39:33.398141+00",NULL
"","OVI GALLINAE","491","2024-09-30 14:39:33.401632+00","2024-09-30 14:39:33.401632+00",NULL
"","OXALICUM ACIDUM","492","2024-09-30 14:39:33.405315+00","2024-09-30 14:39:33.405315+00",NULL
"","OXYDENDRON ARBOREUM","493","2024-09-30 14:39:33.409585+00","2024-09-30 14:39:33.409585+00",NULL
"","OXYTROPIS LAMBERTI","494","2024-09-30 14:39:33.413791+00","2024-09-30 14:39:33.413791+00",NULL
"","PAEONIA OFFICINALIS (PAEONIA)","495","2024-09-30 14:39:33.740093+00","2024-09-30 14:39:33.740093+00",NULL
"","PALLADIUM","496","2024-09-30 14:39:33.742937+00","2024-09-30 14:39:33.742937+00",NULL
"","PARIS QUADRIFOLIA","497","2024-09-30 14:39:33.745624+00","2024-09-30 14:39:33.745624+00",NULL
"","PARAFFINUM","498","2024-09-30 14:39:33.748342+00","2024-09-30 14:39:33.748342+00",NULL
"","PAREIRA BRAVA","499","2024-09-30 14:39:33.750684+00","2024-09-30 14:39:33.750684+00",NULL
"","PARTHENIUM","500","2024-09-30 14:39:33.753066+00","2024-09-30 14:39:33.753066+00",NULL
"","PASSIFLORA","501","2024-09-30 14:39:33.75607+00","2024-09-30 14:39:33.75607+00",NULL
"","PENTHORUM SEDOIDES","502","2024-09-30 14:39:33.758861+00","2024-09-30 14:39:33.758861+00",NULL
"","PERTUSSINUM","503","2024-09-30 14:39:33.761285+00","2024-09-30 14:39:33.761285+00",NULL
"","PETROLEUM","504","2024-09-30 14:39:33.763716+00","2024-09-30 14:39:33.763716+00",NULL
"","PETROSELINUM","505","2024-09-30 14:39:33.766719+00","2024-09-30 14:39:33.766719+00",NULL
"","PHOSPHORICUM","506","2024-09-30 14:39:33.769708+00","2024-09-30 14:39:33.769708+00",NULL
"","PHASEOLUS NANUS","507","2024-09-30 14:39:33.772456+00","2024-09-30 14:39:33.772456+00",NULL
"","PHELLANDRIUM","508","2024-09-30 14:39:33.775433+00","2024-09-30 14:39:33.775433+00",NULL
"","PHOSPHORUS","509","2024-09-30 14:39:33.778481+00","2024-09-30 14:39:33.778481+00",NULL
"","PHYSOSTIGMA","510","2024-09-30 14:39:33.781431+00","2024-09-30 14:39:33.781431+00",NULL
"","PHYSALIS","511","2024-09-30 14:39:33.784769+00","2024-09-30 14:39:33.784769+00",NULL
"","PHYTOLACCA DECANDRA","512","2024-09-30 14:39:33.78849+00","2024-09-30 14:39:33.78849+00",NULL
"","PICRICUM ACIDUM","513","2024-09-30 14:39:33.792347+00","2024-09-30 14:39:33.792347+00",NULL
"","PINUS SILVESTRIS","514","2024-09-30 14:39:33.79566+00","2024-09-30 14:39:33.79566+00",NULL
"","PIPER METHYSTICUM","515","2024-09-30 14:39:33.799076+00","2024-09-30 14:39:33.799076+00",NULL
"","PIPER NIGRUM","516","2024-09-30 14:39:33.803271+00","2024-09-30 14:39:33.803271+00",NULL
"","PITUITARIA","517","2024-09-30 14:39:33.807321+00","2024-09-30 14:39:33.807321+00",NULL
"","PIX LIQUIDA","518","2024-09-30 14:39:33.810976+00","2024-09-30 14:39:33.810976+00",NULL
"","PLANTAGO MAJOR","519","2024-09-30 14:39:33.81491+00","2024-09-30 14:39:33.81491+00",NULL
"","PLATINUM METALLICUM","520","2024-09-30 14:39:33.819008+00","2024-09-30 14:39:33.819008+00",NULL
"","PLATANUS","521","2024-09-30 14:39:33.822848+00","2024-09-30 14:39:33.822848+00",NULL
"","PLUMBUM METALLICUM","522","2024-09-30 14:39:33.826709+00","2024-09-30 14:39:33.826709+00",NULL
"","PODOPHYLLINUM","523","2024-09-30 14:39:33.831111+00","2024-09-30 14:39:33.831111+00",NULL
"","POLYGONUM","524","2024-09-30 14:39:33.83529+00","2024-09-30 14:39:33.83529+00",NULL
"","POLYPORUS","525","2024-09-30 14:39:33.839234+00","2024-09-30 14:39:33.839234+00",NULL
"","POPULUS TREMULOIDES","526","2024-09-30 14:39:33.842912+00","2024-09-30 14:39:33.842912+00",NULL
"","POPULUS CANDICANS","527","2024-09-30 14:39:33.846745+00","2024-09-30 14:39:33.846745+00",NULL
"","PRIMULA","528","2024-09-30 14:39:33.850689+00","2024-09-30 14:39:33.850689+00",NULL
"","PRIMULA VERIS","529","2024-09-30 14:39:33.854232+00","2024-09-30 14:39:33.854232+00",NULL
"","PROPYLAMINUM","530","2024-09-30 14:39:33.857831+00","2024-09-30 14:39:33.857831+00",NULL
"","PRUNUS SPINOSA","531","2024-09-30 14:39:33.861648+00","2024-09-30 14:39:33.861648+00",NULL
"","PSORINUM","532","2024-09-30 14:39:33.865432+00","2024-09-30 14:39:33.865432+00",NULL
"","PTELEA TRIFOLIATA","533","2024-09-30 14:39:33.868917+00","2024-09-30 14:39:33.868917+00",NULL
"","PULSATILLA","534","2024-09-30 14:39:33.872309+00","2024-09-30 14:39:33.872309+00",NULL
"","PULEX IRRITANS","535","2024-09-30 14:39:33.875969+00","2024-09-30 14:39:33.875969+00",NULL
"","PYROGENIUM","536","2024-09-30 14:39:33.879325+00","2024-09-30 14:39:33.879325+00",NULL
"","QUASSIA AMARA (QUASSIA - PICRAENA EXCELSA)","537","2024-09-30 14:39:34.179471+00","2024-09-30 14:39:34.179471+00",NULL
"","QUEBRACHO","538","2024-09-30 14:39:34.184076+00","2024-09-30 14:39:34.184076+00",NULL
"","QUERCUS E","539","2024-09-30 14:39:34.188168+00","2024-09-30 14:39:34.188168+00",NULL
"","QUILLAYA","540","2024-09-30 14:39:34.192007+00","2024-09-30 14:39:34.192007+00",NULL
"","RADIUM BROMATUM (RADIUM)","541","2024-09-30 14:39:34.464074+00","2024-09-30 14:39:34.464074+00",NULL
"","RANUNCULUS","542","2024-09-30 14:39:34.468514+00","2024-09-30 14:39:34.468514+00",NULL
"","RANUNCULUS","543","2024-09-30 14:39:34.47261+00","2024-09-30 14:39:34.47261+00",NULL
"","RAPHANUS SATIVUS","544","2024-09-30 14:39:34.476182+00","2024-09-30 14:39:34.476182+00",NULL
"","RATANHIA PERUVIANA","545","2024-09-30 14:39:34.479667+00","2024-09-30 14:39:34.479667+00",NULL
"","RHAMNUS","546","2024-09-30 14:39:34.483588+00","2024-09-30 14:39:34.483588+00",NULL
"","RHEUM PALMATUM","547","2024-09-30 14:39:34.487489+00","2024-09-30 14:39:34.487489+00",NULL
"","RHODODENDRON","548","2024-09-30 14:39:34.491205+00","2024-09-30 14:39:34.491205+00",NULL
"","RHODIUM","549","2024-09-30 14:39:34.494874+00","2024-09-30 14:39:34.494874+00",NULL
"","RHUS AROMATICA","550","2024-09-30 14:39:34.498909+00","2024-09-30 14:39:34.498909+00",NULL
"","RHUS GLABRA","551","2024-09-30 14:39:34.502446+00","2024-09-30 14:39:34.502446+00",NULL
"","RHUS","552","2024-09-30 14:39:34.506379+00","2024-09-30 14:39:34.506379+00",NULL
"","RHUS VENENATA","553","2024-09-30 14:39:34.51055+00","2024-09-30 14:39:34.51055+00",NULL
"","RICINUS COMMUNIS","554","2024-09-30 14:39:34.514905+00","2024-09-30 14:39:34.514905+00",NULL
"","ROBINIA PSEUDACACIA","555","2024-09-30 14:39:34.518881+00","2024-09-30 14:39:34.518881+00",NULL
"","ROSA DAMASCENA","556","2024-09-30 14:39:34.522647+00","2024-09-30 14:39:34.522647+00",NULL
"","RUMEX CRISPUS","557","2024-09-30 14:39:34.526675+00","2024-09-30 14:39:34.526675+00",NULL
"","RUTA GRAVEOLENS","558","2024-09-30 14:39:34.530789+00","2024-09-30 14:39:34.530789+00",NULL
"","SABADILLA","559","2024-09-30 14:39:34.712607+00","2024-09-30 14:39:34.712607+00",NULL
"","SABAL SERRULATA","560","2024-09-30 14:39:34.715667+00","2024-09-30 14:39:34.715667+00",NULL
"","SABINA","561","2024-09-30 14:39:34.719289+00","2024-09-30 14:39:34.719289+00",NULL
"","SACCHARUM","562","2024-09-30 14:39:34.723312+00","2024-09-30 14:39:34.723312+00",NULL
"","SALICYLICUM","563","2024-09-30 14:39:34.727018+00","2024-09-30 14:39:34.727018+00",NULL
"","SALIX NIGRA","564","2024-09-30 14:39:34.730665+00","2024-09-30 14:39:34.730665+00",NULL
"","SALVIA OFFICINALIS","565","2024-09-30 14:39:34.73448+00","2024-09-30 14:39:34.73448+00",NULL
"","SAMBUCUS NIGRA","566","2024-09-30 14:39:34.738153+00","2024-09-30 14:39:34.738153+00",NULL
"","SANGUINARIA","567","2024-09-30 14:39:34.742298+00","2024-09-30 14:39:34.742298+00",NULL
"","SANGUINARINUM NITRICUM (SANGUINARINA NITRICA)","568","2024-09-30 14:39:34.746573+00","2024-09-30 14:39:34.746573+00",NULL
"","SANICULA AQUA","569","2024-09-30 14:39:34.750424+00","2024-09-30 14:39:34.750424+00",NULL
"","SANTONINUM","570","2024-09-30 14:39:34.753971+00","2024-09-30 14:39:34.753971+00",NULL
"","SAPONARIA","571","2024-09-30 14:39:34.757441+00","2024-09-30 14:39:34.757441+00",NULL
"","SARCOLACTICUM ACIDUM (SARCOLACTIC ACID)","572","2024-09-30 14:39:34.761131+00","2024-09-30 14:39:34.761131+00",NULL
"","SAROTHAMNUS","573","2024-09-30 14:39:34.76522+00","2024-09-30 14:39:34.76522+00",NULL
"","SARRACENIA PURPUREA","574","2024-09-30 14:39:34.76897+00","2024-09-30 14:39:34.76897+00",NULL
"","SARSAPARILLA","575","2024-09-30 14:39:34.772349+00","2024-09-30 14:39:34.772349+00",NULL
"","SCROPHULARIA NODOSA","576","2024-09-30 14:39:34.776224+00","2024-09-30 14:39:34.776224+00",NULL
"","SCUTELLARIA","577","2024-09-30 14:39:34.779986+00","2024-09-30 14:39:34.779986+00",NULL
"","SECALE CORNUTUM","578","2024-09-30 14:39:34.783916+00","2024-09-30 14:39:34.783916+00",NULL
"","SEDUM ACRE","579","2024-09-30 14:39:34.787798+00","2024-09-30 14:39:34.787798+00",NULL
"","SELENIUM METALLICUM","580","2024-09-30 14:39:34.791911+00","2024-09-30 14:39:34.791911+00",NULL
"","SEMPERVIVUM","581","2024-09-30 14:39:34.795525+00","2024-09-30 14:39:34.795525+00",NULL
"","SENECIO AUREUS","582","2024-09-30 14:39:34.79898+00","2024-09-30 14:39:34.79898+00",NULL
"","SENEGA","583","2024-09-30 14:39:34.80255+00","2024-09-30 14:39:34.80255+00",NULL
"","SENNA","584","2024-09-30 14:39:34.806046+00","2024-09-30 14:39:34.806046+00",NULL
"","SEPIA OFFICINALIS","585","2024-09-30 14:39:34.809471+00","2024-09-30 14:39:34.809471+00",NULL
"","SERUM","586","2024-09-30 14:39:34.812893+00","2024-09-30 14:39:34.812893+00",NULL
"","SILICEA TERRA","587","2024-09-30 14:39:34.816812+00","2024-09-30 14:39:34.816812+00",NULL
"","SILPHIUM","588","2024-09-30 14:39:34.820822+00","2024-09-30 14:39:34.820822+00",NULL
"","SINAPIS NIGRA","589","2024-09-30 14:39:34.824439+00","2024-09-30 14:39:34.824439+00",NULL
"","SKATOLUM (SKATOL)","590","2024-09-30 14:39:34.828096+00","2024-09-30 14:39:34.828096+00",NULL
"","SKOOKUM CHUCK","591","2024-09-30 14:39:34.832166+00","2024-09-30 14:39:34.832166+00",NULL
"","SOLANUM NIGRUM","592","2024-09-30 14:39:34.836069+00","2024-09-30 14:39:34.836069+00",NULL
"","SOLIDAGO","593","2024-09-30 14:39:34.83989+00","2024-09-30 14:39:34.83989+00",NULL
"","SPIGELIA ANTHELMIA","594","2024-09-30 14:39:34.843713+00","2024-09-30 14:39:34.843713+00",NULL
"","SPIRANTHES","595","2024-09-30 14:39:34.847945+00","2024-09-30 14:39:34.847945+00",NULL
"","SPIRAEA ULMARIA","596","2024-09-30 14:39:34.851685+00","2024-09-30 14:39:34.851685+00",NULL
"","SPONGIA TOSTA","597","2024-09-30 14:39:34.855247+00","2024-09-30 14:39:34.855247+00",NULL
"","SQUILLA MARITIMA","598","2024-09-30 14:39:34.859218+00","2024-09-30 14:39:34.859218+00",NULL
"","STACHYS BETONICA","599","2024-09-30 14:39:34.86311+00","2024-09-30 14:39:34.86311+00",NULL
"","STANNUM","600","2024-09-30 14:39:34.866614+00","2024-09-30 14:39:34.866614+00",NULL
"","STAPHYSAGRIA","601","2024-09-30 14:39:34.869942+00","2024-09-30 14:39:34.869942+00",NULL
"","STELLARIA MEDIA","602","2024-09-30 14:39:34.873893+00","2024-09-30 14:39:34.873893+00",NULL
"","STICTA PULMONARIA","603","2024-09-30 14:39:34.877664+00","2024-09-30 14:39:34.877664+00",NULL
"","STIGMATA MAYDIS","604","2024-09-30 14:39:34.881155+00","2024-09-30 14:39:34.881155+00",NULL
"","STILLINGIA","605","2024-09-30 14:39:34.884924+00","2024-09-30 14:39:34.884924+00",NULL
"","STRAMONIUM","606","2024-09-30 14:39:34.889356+00","2024-09-30 14:39:34.889356+00",NULL
"","STRONTIUM","607","2024-09-30 14:39:34.893224+00","2024-09-30 14:39:34.893224+00",NULL
"","STROPHANTHUS HISPIDUS","608","2024-09-30 14:39:34.896795+00","2024-09-30 14:39:34.896795+00",NULL
"","STRYCHNINUM PURUM","609","2024-09-30 14:39:34.900383+00","2024-09-30 14:39:34.900383+00",NULL
"","STRYCHNINUM","610","2024-09-30 14:39:34.922156+00","2024-09-30 14:39:34.922156+00",NULL
"","STRYCHNOS","611","2024-09-30 14:39:34.925915+00","2024-09-30 14:39:34.925915+00",NULL
"","SUCCINUM","612","2024-09-30 14:39:34.929465+00","2024-09-30 14:39:34.929465+00",NULL
"","SULPHURICUM","613","2024-09-30 14:39:34.933283+00","2024-09-30 14:39:34.933283+00",NULL
"","SULPHUR IODATUM","614","2024-09-30 14:39:34.937048+00","2024-09-30 14:39:34.937048+00",NULL
"","SULFONALUM","615","2024-09-30 14:39:34.940591+00","2024-09-30 14:39:34.940591+00",NULL
"","SULPHUROSUM","616","2024-09-30 14:39:34.94393+00","2024-09-30 14:39:34.94393+00",NULL
"","SULPHUR","617","2024-09-30 14:39:34.947189+00","2024-09-30 14:39:34.947189+00",NULL
"","SUMBULUS MOSCHATUS","618","2024-09-30 14:39:34.950511+00","2024-09-30 14:39:34.950511+00",NULL
"","SYMPHORICARPUS","619","2024-09-30 14:39:34.95325+00","2024-09-30 14:39:34.95325+00",NULL
"","SYMPHYTUM","620","2024-09-30 14:39:34.955868+00","2024-09-30 14:39:34.955868+00",NULL
"","SYPHILINUM","621","2024-09-30 14:39:34.958797+00","2024-09-30 14:39:34.958797+00",NULL
"","SYZYGIUM","622","2024-09-30 14:39:34.961591+00","2024-09-30 14:39:34.961591+00",NULL
"","TABACUM","623","2024-09-30 14:39:35.183613+00","2024-09-30 14:39:35.183613+00",NULL
"","TANACETUM VULGARE","624","2024-09-30 14:39:35.187715+00","2024-09-30 14:39:35.187715+00",NULL
"","TANNICUM","625","2024-09-30 14:39:35.191575+00","2024-09-30 14:39:35.191575+00",NULL
"","TARAXACUM","626","2024-09-30 14:39:35.195207+00","2024-09-30 14:39:35.195207+00",NULL
"","TARENTULA","627","2024-09-30 14:39:35.198668+00","2024-09-30 14:39:35.198668+00",NULL
"","TARENTULA","628","2024-09-30 14:39:35.202508+00","2024-09-30 14:39:35.202508+00",NULL
"","TARTARICUM","629","2024-09-30 14:39:35.206351+00","2024-09-30 14:39:35.206351+00",NULL
"","TAXUS BACCATA","630","2024-09-30 14:39:35.209702+00","2024-09-30 14:39:35.209702+00",NULL
"","TELLURIUM","631","2024-09-30 14:39:35.213238+00","2024-09-30 14:39:35.213238+00",NULL
"","TEREBINTHINIAE OLEUM","632","2024-09-30 14:39:35.217072+00","2024-09-30 14:39:35.217072+00",NULL
"","TEUCRIUM MARUM","633","2024-09-30 14:39:35.221172+00","2024-09-30 14:39:35.221172+00",NULL
"","THALLIUM","634","2024-09-30 14:39:35.224876+00","2024-09-30 14:39:35.224876+00",NULL
"","THEA CHINENSIS","635","2024-09-30 14:39:35.228306+00","2024-09-30 14:39:35.228306+00",NULL
"","THERIDION","636","2024-09-30 14:39:35.232471+00","2024-09-30 14:39:35.232471+00",NULL
"","THIOSINAMINUM","637","2024-09-30 14:39:35.2363+00","2024-09-30 14:39:35.2363+00",NULL
"","THLASPI BURSA","638","2024-09-30 14:39:35.240093+00","2024-09-30 14:39:35.240093+00",NULL
"","THUJA OCCIDENTALIS","639","2024-09-30 14:39:35.243801+00","2024-09-30 14:39:35.243801+00",NULL
"","THYMOLUM","640","2024-09-30 14:39:35.247482+00","2024-09-30 14:39:35.247482+00",NULL
"","THYMUS SERPYLLUM","641","2024-09-30 14:39:35.251204+00","2024-09-30 14:39:35.251204+00",NULL
"","THYROIDINUM","642","2024-09-30 14:39:35.255191+00","2024-09-30 14:39:35.255191+00",NULL
"","TILIA EUROPAEA (TILIA","643","2024-09-30 14:39:35.259331+00","2024-09-30 14:39:35.259331+00",NULL
"","TITANIUM","644","2024-09-30 14:39:35.263218+00","2024-09-30 14:39:35.263218+00",NULL
"","TONGO-DIPTERIX","645","2024-09-30 14:39:35.267034+00","2024-09-30 14:39:35.267034+00",NULL
"","TORULA CEREVISIAE","646","2024-09-30 14:39:35.271103+00","2024-09-30 14:39:35.271103+00",NULL
"","TRIBULUS TERRESTRIS","647","2024-09-30 14:39:35.275337+00","2024-09-30 14:39:35.275337+00",NULL
"","TRIFOLIUM","648","2024-09-30 14:39:35.279368+00","2024-09-30 14:39:35.279368+00",NULL
"","TRILLIUM","649","2024-09-30 14:39:35.283239+00","2024-09-30 14:39:35.283239+00",NULL
"","TRINITROTOLUENUM (TRINITROTOLUENE)","650","2024-09-30 14:39:35.287107+00","2024-09-30 14:39:35.287107+00",NULL
"","TRIOSTEUM","651","2024-09-30 14:39:35.291352+00","2024-09-30 14:39:35.291352+00",NULL
"","TRITICUM","652","2024-09-30 14:39:35.295243+00","2024-09-30 14:39:35.295243+00",NULL
"","TROMBIDIUM MUSCAE","653","2024-09-30 14:39:35.299126+00","2024-09-30 14:39:35.299126+00",NULL
"","TUBERCULINUM","654","2024-09-30 14:39:35.303099+00","2024-09-30 14:39:35.303099+00",NULL
"","TUSSILAGO","655","2024-09-30 14:39:35.307349+00","2024-09-30 14:39:35.307349+00",NULL
"","UPAS TIEUT (UPAS TIENTE)","656","2024-09-30 14:39:35.494345+00","2024-09-30 14:39:35.494345+00",NULL
"","URANIUM","657","2024-09-30 14:39:35.498725+00","2024-09-30 14:39:35.498725+00",NULL
"","UREA PURA (UREA)","658","2024-09-30 14:39:35.503069+00","2024-09-30 14:39:35.503069+00",NULL
"","URTICA URENS","659","2024-09-30 14:39:35.507069+00","2024-09-30 14:39:35.507069+00",NULL
"","USNEA BARBATA","660","2024-09-30 14:39:35.5112+00","2024-09-30 14:39:35.5112+00",NULL
"","USTILAGO MAYDIS","661","2024-09-30 14:39:35.51515+00","2024-09-30 14:39:35.51515+00",NULL
"","UVA URSI","662","2024-09-30 14:39:35.519159+00","2024-09-30 14:39:35.519159+00",NULL
"","VACCININUM","663","2024-09-30 14:39:35.701261+00","2024-09-30 14:39:35.701261+00",NULL
"","VALERIANA","664","2024-09-30 14:39:35.70748+00","2024-09-30 14:39:35.70748+00",NULL
"","VANADIUM","665","2024-09-30 14:39:35.71981+00","2024-09-30 14:39:35.71981+00",NULL
"","VANILLA AROMATICA","666","2024-09-30 14:39:35.72395+00","2024-09-30 14:39:35.72395+00",NULL
"","VARIOLINUM","667","2024-09-30 14:39:35.727603+00","2024-09-30 14:39:35.727603+00",NULL
"","VERATRUM ALBUM","668","2024-09-30 14:39:35.731829+00","2024-09-30 14:39:35.731829+00",NULL
"","VERATRUM","669","2024-09-30 14:39:35.735919+00","2024-09-30 14:39:35.735919+00",NULL
"","VERBASCUM THAPSUS","670","2024-09-30 14:39:35.73977+00","2024-09-30 14:39:35.73977+00",NULL
"","VERBENA","671","2024-09-30 14:39:35.743622+00","2024-09-30 14:39:35.743622+00",NULL
"","VESPA CRABRO","672","2024-09-30 14:39:35.747626+00","2024-09-30 14:39:35.747626+00",NULL
"","VIBURNUM OPULUS","673","2024-09-30 14:39:35.751546+00","2024-09-30 14:39:35.751546+00",NULL
"","VINCA MINOR","674","2024-09-30 14:39:35.75508+00","2024-09-30 14:39:35.75508+00",NULL
"","VIOLA ODORATA","675","2024-09-30 14:39:35.75904+00","2024-09-30 14:39:35.75904+00",NULL
"","VIOLA TRICOLOR","676","2024-09-30 14:39:35.762934+00","2024-09-30 14:39:35.762934+00",NULL
"","VIPERA BERUS (VIPERA)","677","2024-09-30 14:39:35.76695+00","2024-09-30 14:39:35.76695+00",NULL
"","VISCUM ALBUM","678","2024-09-30 14:39:35.77077+00","2024-09-30 14:39:35.77077+00",NULL
"","WYETHIA HELENOIDES (WYETHIA)","679","2024-09-30 14:39:36.004283+00","2024-09-30 14:39:36.004283+00",NULL
"","X-RAY","680","2024-09-30 14:39:36.210162+00","2024-09-30 14:39:36.210162+00",NULL
"","XANTOXYLUM FRAXINEUM","681","2024-09-30 14:39:36.214464+00","2024-09-30 14:39:36.214464+00",NULL
"","XEROPHYLLUM","682","2024-09-30 14:39:36.218052+00","2024-09-30 14:39:36.218052+00",NULL
"","YOHIMBINUM","683","2024-09-30 14:39:36.517016+00","2024-09-30 14:39:36.517016+00",NULL
"","YUCCA FILAMENTOSA","684","2024-09-30 14:39:36.521166+00","2024-09-30 14:39:36.521166+00",NULL
"","ZINCUM METALLICUM (ZINC)","685","2024-09-30 14:39:36.819774+00","2024-09-30 14:39:36.819774+00",NULL
"","ZINCUM","686","2024-09-30 14:39:36.823905+00","2024-09-30 14:39:36.823905+00",NULL
"","ZINGIBER OFFICINALE","687","2024-09-30 14:39:36.827879+00","2024-09-30 14:39:36.827879+00",NULL
"","ZIZIA AUREA (THASPIUM","688","2024-09-30 14:39:36.831599+00","2024-09-30 14:39:36.831599+00",NULL
